{"m": 1, "size": 35, "raw_data": {"A": [[2, 7, 1.0, 1.0], [2, 16, 1.0, 1.0], [2, 9, 0.5, 1.0], [2, 14, 0.5, 1.0], [2, 11, 0.5, 0.0], [2, 12, 0.5, 0.0], [2, 10, 0.5, 0.5], [2, 13, 0.5, 0.5], [3, 15, 1.0, 1.0], [3, 17, 0.0, 0.0], [3, 18, 0.0, 0.0], [3, 15, 0.5, 1.0], [3, 16, 0.5, 1.0], [3, 11, 0.5, 0.0], [3, 13, 0.5, 0.0], [3, 17, 0.5, 0.5]], "B": [[5, 19, 1.0, 0.5], [4, 18, 1.0, 1.0], [5, 19, 1.0, 1.0], [5, 18, 0.5, 1.0], [4, 18, 0.5, 1.0], [4, 18, 0.5, 1.0], [4, 19, 0.5, 1.0], [4, 19, 1.0, 0.5], [5, 18, 0.5, 1.0], [4, 19, 0.5, 1.0], [4, 19, 1.0, 1.0], [4, 19, 1.0, 1.0], [4, 18, 1.0, 1.0], [5, 19, 1.0, 0.5], [4, 19, 1.0, 1.0], [4, 19, 0.5, 1.0], [4, 17, 1.0, 1.0], [5, 20, 1.0, 1.0], [4, 18, 0.5, 1.0]]}, "dataset": {"ACOMODADOR": {"Paraiso": {"p": 0.5, "n_c": 7}, "8.17": {"p": 0.0024937655860349127, "n_c": 1}, "M": {"p": 0.5, "n_c": 10}, "7.0": {"p": 0.0024937655860349127, "n_c": 2}, "7.82": {"p": 0.0024937655860349127, "n_c": 1}, "F": {"p": 0.5, "n_c": 4}, "Turrialba": {"p": 0.5, "n_c": 7}, "7.75": {"p": 0.0024937655860349127, "n_c": 1}, "7.09": {"p": 0.0024937655860349127, "n_c": 1}, "8.5": {"p": 0.0024937655860349127, "n_c": 1}, "7.72": {"p": 0.0024937655860349127, "n_c": 1}, "7.5": {"p": 0.0024937655860349127, "n_c": 1}, "7.2": {"p": 0.0024937655860349127, "n_c": 1}, "6.57": {"p": 0.0024937655860349127, "n_c": 1}, "7.63": {"p": 0.0024937655860349127, "n_c": 1}, "8.23": {"p": 0.0024937655860349127, "n_c": 1}, "8.64": {"p": 0.0024937655860349127, "n_c": 1}}, "DIVERGENTE": {"Paraiso": {"p": 0.5, "n_c": 10}, "6.33": {"p": 0.0024937655860349127, "n_c": 1}, "M": {"p": 0.5, "n_c": 20}, "7.07": {"p": 0.0024937655860349127, "n_c": 1}, "7.53": {"p": 0.0024937655860349127, "n_c": 1}, "F": {"p": 0.5, "n_c": 1}, "8.0": {"p": 0.0024937655860349127, "n_c": 2}, "7.41": {"p": 0.0024937655860349127, "n_c": 1}, "Turrialba": {"p": 0.5, "n_c": 11}, "8.5": {"p": 0.0024937655860349127, "n_c": 1}, "8.41": {"p": 0.0024937655860349127, "n_c": 1}, "8.11": {"p": 0.0024937655860349127, "n_c": 1}, "7.68": {"p": 0.0024937655860349127, "n_c": 1}, "7.94": {"p": 0.0024937655860349127, "n_c": 1}, "8.13": {"p": 0.0024937655860349127, "n_c": 1}, "7.83": {"p": 0.0024937655860349127, "n_c": 1}, "7.13": {"p": 0.0024937655860349127, "n_c": 1}, "8.06": {"p": 0.0024937655860349127, "n_c": 1}, "7.39": {"p": 0.0024937655860349127, "n_c": 1}, "7.62": {"p": 0.0024937655860349127, "n_c": 1}, "7.44": {"p": 0.0024937655860349127, "n_c": 1}, "7.75": {"p": 0.0024937655860349127, "n_c": 1}, "7.34": {"p": 0.0024937655860349127, "n_c": 1}, "7.69": {"p": 0.0024937655860349127, "n_c": 1}}, "ASIMILADOR": {"Turrialba": {"p": 0.5, "n_c": 9}, "6.6": {"p": 0.0024937655860349127, "n_c": 1}, "M": {"p": 0.5, "n_c": 16}, "7.77": {"p": 0.0024937655860349127, "n_c": 1}, "F": {"p": 0.5, "n_c": 4}, "Paraiso": {"p": 0.5, "n_c": 11}, "7.0": {"p": 0.0024937655860349127, "n_c": 2}, "7.9": {"p": 0.0024937655860349127, "n_c": 1}, "7.5": {"p": 0.0024937655860349127, "n_c": 1}, "7.4": {"p": 0.0024937655860349127, "n_c": 1}, "7.25": {"p": 0.0024937655860349127, "n_c": 2}, "6.14": {"p": 0.0024937655860349127, "n_c": 1}, "7.72": {"p": 0.0024937655860349127, "n_c": 1}, "8.0": {"p": 0.0024937655860349127, "n_c": 1}, "8.83": {"p": 0.0024937655860349127, "n_c": 1}, "8.5": {"p": 0.0024937655860349127, "n_c": 1}, "7.33": {"p": 0.0024937655860349127, "n_c": 1}, "7.84": {"p": 0.0024937655860349127, "n_c": 1}, "8.29": {"p": 0.0024937655860349127, "n_c": 1}, "8.79": {"p": 0.0024937655860349127, "n_c": 1}, "7.3": {"p": 0.0024937655860349127, "n_c": 1}, "9.0": {"p": 0.0024937655860349127, "n_c": 1}}, "CONVERGENTE": {"Turrialba": {"p": 0.5, "n_c": 11}, "7.87": {"p": 0.0024937655860349127, "n_c": 1}, "M": {"p": 0.5, "n_c": 17}, "Paraiso": {"p": 0.5, "n_c": 10}, "7.2": {"p": 0.0024937655860349127, "n_c": 1}, "F": {"p": 0.5, "n_c": 4}, "7.54": {"p": 0.0024937655860349127, "n_c": 1}, "8.06": {"p": 0.0024937655860349127, "n_c": 2}, "7.72": {"p": 0.0024937655860349127, "n_c": 1}, "7.5": {"p": 0.0024937655860349127, "n_c": 1}, "7.86": {"p": 0.0024937655860349127, "n_c": 1}, "6.62": {"p": 0.0024937655860349127, "n_c": 1}, "6.88": {"p": 0.0024937655860349127, "n_c": 1}, "7.63": {"p": 0.0024937655860349127, "n_c": 1}, "8.63": {"p": 0.0024937655860349127, "n_c": 1}, "7.32": {"p": 0.0024937655860349127, "n_c": 1}, "7.78": {"p": 0.0024937655860349127, "n_c": 1}, "7.14": {"p": 0.0024937655860349127, "n_c": 1}, "8.0": {"p": 0.0024937655860349127, "n_c": 1}, "8.39": {"p": 0.0024937655860349127, "n_c": 1}, "7.43": {"p": 0.0024937655860349127, "n_c": 1}, "8.43": {"p": 0.0024937655860349127, "n_c": 1}, "7.8": {"p": 0.0024937655860349127, "n_c": 1}, "8.83": {"p": 0.0024937655860349127, "n_c": 1}}, "Paraiso": {"M": {"p": 0.5, "n_c": 28}, "8.17": {"p": 0.0024937655860349127, "n_c": 1}, "ACOMODADOR": {"p": 0.25, "n_c": 7}, "6.33": {"p": 0.0024937655860349127, "n_c": 1}, "DIVERGENTE": {"p": 0.25, "n_c": 10}, "7.07": {"p": 0.0024937655860349127, "n_c": 1}, "F": {"p": 0.5, "n_c": 10}, "7.53": {"p": 0.0024937655860349127, "n_c": 1}, "7.0": {"p": 0.0024937655860349127, "n_c": 4}, "ASIMILADOR": {"p": 0.25, "n_c": 11}, "8.0": {"p": 0.0024937655860349127, "n_c": 1}, "7.9": {"p": 0.0024937655860349127, "n_c": 1}, "7.4": {"p": 0.0024937655860349127, "n_c": 1}, "7.41": {"p": 0.0024937655860349127, "n_c": 1}, "7.2": {"p": 0.0024937655860349127, "n_c": 1}, "CONVERGENTE": {"p": 0.25, "n_c": 10}, "7.82": {"p": 0.0024937655860349127, "n_c": 1}, "7.25": {"p": 0.0024937655860349127, "n_c": 1}, "8.06": {"p": 0.0024937655860349127, "n_c": 2}, "6.14": {"p": 0.0024937655860349127, "n_c": 1}, "7.72": {"p": 0.0024937655860349127, "n_c": 2}, "7.68": {"p": 0.0024937655860349127, "n_c": 1}, "7.5": {"p": 0.0024937655860349127, "n_c": 2}, "7.86": {"p": 0.0024937655860349127, "n_c": 1}, "8.5": {"p": 0.0024937655860349127, "n_c": 2}, "7.63": {"p": 0.0024937655860349127, "n_c": 1}, "7.32": {"p": 0.0024937655860349127, "n_c": 1}, "7.39": {"p": 0.0024937655860349127, "n_c": 1}, "7.78": {"p": 0.0024937655860349127, "n_c": 1}, "7.62": {"p": 0.0024937655860349127, "n_c": 1}, "7.34": {"p": 0.0024937655860349127, "n_c": 1}, "7.33": {"p": 0.0024937655860349127, "n_c": 1}, "8.29": {"p": 0.0024937655860349127, "n_c": 1}, "8.79": {"p": 0.0024937655860349127, "n_c": 1}, "7.43": {"p": 0.0024937655860349127, "n_c": 1}, "8.43": {"p": 0.0024937655860349127, "n_c": 1}, "9.0": {"p": 0.0024937655860349127, "n_c": 1}}, "Turrialba": {"M": {"p": 0.5, "n_c": 35}, "6.6": {"p": 0.0024937655860349127, "n_c": 1}, "ASIMILADOR": {"p": 0.25, "n_c": 9}, "F": {"p": 0.5, "n_c": 3}, "7.77": {"p": 0.0024937655860349127, "n_c": 1}, "7.87": {"p": 0.0024937655860349127, "n_c": 1}, "CONVERGENTE": {"p": 0.25, "n_c": 11}, "7.5": {"p": 0.0024937655860349127, "n_c": 1}, "8.5": {"p": 0.0024937655860349127, "n_c": 1}, "DIVERGENTE": {"p": 0.25, "n_c": 11}, "7.54": {"p": 0.0024937655860349127, "n_c": 1}, "8.41": {"p": 0.0024937655860349127, "n_c": 1}, "8.11": {"p": 0.0024937655860349127, "n_c": 1}, "7.75": {"p": 0.0024937655860349127, "n_c": 2}, "ACOMODADOR": {"p": 0.25, "n_c": 7}, "7.09": {"p": 0.0024937655860349127, "n_c": 1}, "7.94": {"p": 0.0024937655860349127, "n_c": 1}, "6.62": {"p": 0.0024937655860349127, "n_c": 1}, "8.13": {"p": 0.0024937655860349127, "n_c": 1}, "6.88": {"p": 0.0024937655860349127, "n_c": 1}, "7.83": {"p": 0.0024937655860349127, "n_c": 1}, "7.13": {"p": 0.0024937655860349127, "n_c": 1}, "8.63": {"p": 0.0024937655860349127, "n_c": 1}, "7.25": {"p": 0.0024937655860349127, "n_c": 1}, "7.72": {"p": 0.0024937655860349127, "n_c": 1}, "8.0": {"p": 0.0024937655860349127, "n_c": 3}, "8.83": {"p": 0.0024937655860349127, "n_c": 2}, "8.06": {"p": 0.0024937655860349127, "n_c": 1}, "7.14": {"p": 0.0024937655860349127, "n_c": 1}, "7.44": {"p": 0.0024937655860349127, "n_c": 1}, "7.84": {"p": 0.0024937655860349127, "n_c": 1}, "8.39": {"p": 0.0024937655860349127, "n_c": 1}, "7.8": {"p": 0.0024937655860349127, "n_c": 1}, "7.2": {"p": 0.0024937655860349127, "n_c": 1}, "7.3": {"p": 0.0024937655860349127, "n_c": 1},